{"options":{"check_for_updates":true,"user_modified":null,"comment":null,"compatopts_for_requires":true,"compat_wrappedjsobject":false,"compat_metadata":false,"compat_foreach":false,"compat_powerful_this":null,"sandbox":null,"noframes":null,"unwrap":null,"run_at":null,"tab_types":null,"override":{"use_includes":[],"orig_includes":["https://*.youtube.com/*"],"merge_includes":true,"use_matches":[],"orig_matches":["https://www.youtube.com/watch"],"merge_matches":true,"use_excludes":[],"orig_excludes":[],"merge_excludes":true,"use_connects":[],"orig_connects":[],"merge_connects":true,"use_blockers":[],"orig_run_at":"document-start","orig_noframes":null,"orig_run_in":[]},"run_in":null,"tags":[]},"settings":{"enabled":false,"position":4},"meta":{"name":"Youtube download button","uuid":"cfb6556b-1492-4c3c-a897-93a6fc0f76de","modified":1698988668659,"file_url":"https://greasyfork.org/scripts/446208-youtube-download-button/code/Youtube%20download%20button.user.js"}}