{"ts":1759029392030,"data":{"locale-phrases":"s{\n  \"recommended\": \"рекомендуется\",\n  \"translateVideo\": \"Перевести видео\",\n  \"disableTranslate\": \"Отключить\",\n  \"translationSettings\": \"Настройки перевода\",\n  \"subtitlesSettings\": \"Настройки субтитров\",\n  \"resetSettings\": \"Сбросить настройки\",\n  \"videoBeingTranslated\": \"Видео переводится\",\n  \"videoLanguage\": \"Язык видео\",\n  \"translationLanguage\": \"Язык перевода\",\n  \"translationTake\": \"Перевод займёт\",\n  \"translationTakeMoreThanHour\": \"Перевод займёт больше часа\",\n  \"translationTakeAboutMinute\": \"Перевод займёт около минуты\",\n  \"translationTakeFewMinutes\": \"Перевод займёт несколько минут\",\n  \"translationTakeApproximatelyMinutes\": \"Перевод займёт примерно {0} минут\",\n  \"translationTakeApproximatelyMinute\": \"Перевод займёт примерно {0} минуты\",\n  \"requestTranslationFailed\": \"Не удалось запросить перевод видео\",\n  \"audioNotReceived\": \"Не получена ссылка на аудио\",\n  \"audioFormatNotSupported\": \"Формат аудио не поддерживается\",\n  \"VOTAutoTranslate\": \"Переводить при открытии\",\n  \"VOTDontTranslateYourLang\": \"Не переводить с родного языка\",\n  \"VOTVolume\": \"Громкость видео:\",\n  \"VOTVolumeTranslation\": \"Громкость перевода:\",\n  \"VOTAutoSetVolume\": \"Уменьшать громкость видео до\",\n  \"VOTShowVideoSlider\": \"Ползунок громкости видео\",\n  \"VOTSyncVolume\": \"Связать громкость перевода и видео\",\n  \"VOTDisableFromYourLang\": \"Вы отключили перевод видео на вашем языке\",\n  \"VOTVideoIsTooLong\": \"Видео слишком длинное\",\n  \"VOTNoVideoIDFound\": \"Не найден идентификатор (ID) видео\",\n  \"VOTSubtitles\": \"Субтитры\",\n  \"VOTSubtitlesDisabled\": \"Отключены\",\n  \"VOTSubtitlesMaxLength\": \"Максимальная длина субтитров\",\n  \"VOTHighlightWords\": \"Подсвечивать слова\",\n  \"VOTTranslatedFrom\": \"переведено с\",\n  \"VOTAutogenerated\": \"создано автоматически\",\n  \"VOTSettings\": \"Настройки VOT\",\n  \"VOTMenuLanguage\": \"Язык меню\",\n  \"VOTAuthors\": \"Авторы\",\n  \"VOTVersion\": \"Версия\",\n  \"VOTLoader\": \"Загрузчик\",\n  \"VOTBrowser\": \"Браузер\",\n  \"VOTShowPiPButton\": \"Показывать кнопку «Картинка в картинке»\",\n  \"langs\": {\n    \"auto\": \"Авто\",\n    \"az\": \"Азербайджанский\",\n    \"ay\": \"Аймара\",\n    \"ak\": \"Акан\",\n    \"sq\": \"Албанский\",\n    \"am\": \"Амхарский\",\n    \"en\": \"Английский\",\n    \"ar\": \"Арабский\",\n    \"hy\": \"Армянский\",\n    \"as\": \"Ассамский\",\n    \"af\": \"Африкаанс\",\n    \"eu\": \"Баскский\",\n    \"be\": \"Белорусский\",\n    \"bn\": \"Бенгальский\",\n    \"my\": \"Бирманский\",\n    \"bg\": \"Болгарский\",\n    \"bs\": \"Боснийский\",\n    \"bho\": \"Бходжпури\",\n    \"cy\": \"Валлийский\",\n    \"hu\": \"Венгерский\",\n    \"vi\": \"Вьетнамский\",\n    \"haw\": \"Гавайский\",\n    \"ht\": \"Гаитянский\",\n    \"gl\": \"Галисийский\",\n    \"lg\": \"Ганда\",\n    \"el\": \"Греческий\",\n    \"ka\": \"Грузинский\",\n    \"gn\": \"Гуарани\",\n    \"gu\": \"Гуджарати\",\n    \"gd\": \"Гэльский\",\n    \"da\": \"Датский\",\n    \"fy\": \"Западнофризский\",\n    \"zu\": \"Зулу\",\n    \"iw\": \"Иврит\",\n    \"ig\": \"Игбо\",\n    \"yi\": \"Идиш\",\n    \"id\": \"Индонезийский\",\n    \"ga\": \"Ирландский\",\n    \"is\": \"Исландский\",\n    \"es\": \"Испанский\",\n    \"it\": \"Итальянский\",\n    \"yo\": \"Йоруба\",\n    \"kk\": \"Казахский\",\n    \"kn\": \"Каннада\",\n    \"ca\": \"Каталанский\",\n    \"qu\": \"Кечуа\",\n    \"rw\": \"Киньяруанда\",\n    \"ky\": \"Киргизский\",\n    \"zh\": \"Китайский\",\n    \"zh-Hant\": \"Китайский (традиционный)\",\n    \"zh-Hans\": \"Китайский (упрощённый)\",\n    \"ko\": \"Корейский\",\n    \"co\": \"Корсиканский\",\n    \"xh\": \"Коса\",\n    \"ku\": \"Курдский\",\n    \"km\": \"Кхмерский\",\n    \"lo\": \"Лаосский\",\n    \"la\": \"Латинский\",\n    \"lv\": \"Латышский\",\n    \"ln\": \"Лингала\",\n    \"lt\": \"Литовский\",\n    \"lb\": \"Люксембургский\",\n    \"mk\": \"Македонский\",\n    \"mg\": \"Малагасийский\",\n    \"ms\": \"Малайский\",\n    \"ml\": \"Малаялам\",\n    \"dv\": \"Мальдивский\",\n    \"mt\": \"Мальтийский\",\n    \"mi\": \"Маори\",\n    \"mr\": \"Маратхи\",\n    \"mn\": \"Монгольский\",\n    \"de\": \"Немецкий\",\n    \"ne\": \"Непальский\",\n    \"nl\": \"Нидерландский\",\n    \"no\": \"Норвежский\",\n    \"ny\": \"Ньянджа\",\n    \"or\": \"Ория\",\n    \"om\": \"Оромо\",\n    \"pa\": \"Панджаби\",\n    \"fa\": \"Персидский\",\n    \"pl\": \"Польский\",\n    \"pt\": \"Португальский\",\n    \"ps\": \"Пушту\",\n    \"ro\": \"Румынский\",\n    \"ru\": \"Русский\",\n    \"sm\": \"Самоанский\",\n    \"sa\": \"Санскрит\",\n    \"ceb\": \"Себуано\",\n    \"nso\": \"Северный Сото\",\n    \"sr\": \"Сербский\",\n    \"si\": \"Сингальский\",\n    \"sd\": \"Синдхи\",\n    \"sk\": \"Словацкий\",\n    \"sl\": \"Словенский\",\n    \"so\": \"Сомали\",\n    \"sw\": \"Суахили\",\n    \"su\": \"Сунданский\",\n    \"tg\": \"Таджикский\",\n    \"th\": \"Тайский\",\n    \"ta\": \"Тамильский\",\n    \"tt\": \"Татарский\",\n    \"te\": \"Телугу\",\n    \"ti\": \"Тигринья\",\n    \"ts\": \"Тсонга\",\n    \"tr\": \"Турецкий\",\n    \"tk\": \"Туркменский\",\n    \"uz\": \"Узбекский\",\n    \"ug\": \"Уйгурский\",\n    \"uk\": \"Украинский\",\n    \"ur\": \"Урду\",\n    \"fil\": \"Филиппинский\",\n    \"fi\": \"Финский\",\n    \"fr\": \"Французский\",\n    \"ha\": \"Хауса\",\n    \"hi\": \"Хинди\",\n    \"hmn\": \"Хмонг\",\n    \"hr\": \"Хорватский\",\n    \"cs\": \"Чешский\",\n    \"sv\": \"Шведский\",\n    \"sn\": \"Шона\",\n    \"ee\": \"Эве\",\n    \"eo\": \"Эсперанто\",\n    \"et\": \"Эстонский\",\n    \"st\": \"Южный Сото\",\n    \"jv\": \"Яванский\",\n    \"ja\": \"Японский\",\n    \"kri\": \"Кри\"\n  },\n  \"streamNoConnectionToServer\": \"Нет подключения к серверу\",\n  \"searchField\": \"Поиск...\",\n  \"VOTTranslateAPIErrors\": \"Переводить ошибки из API\",\n  \"VOTDetectService\": \"Сервис определения языка\",\n  \"VOTProxyWorkerHost\": \"Введите адрес worker прокси-сервера\",\n  \"VOTM3u8ProxyHost\": \"Введите адрес m3u8 прокси-сервера\",\n  \"proxySettings\": \"Настройки прокси-сервера\",\n  \"translationTakeApproximatelyMinute2\": \"Перевод займёт примерно {0} минуту\",\n  \"VOTAudioBooster\": \"Расширенное увеличение громкости перевода\",\n  \"VOTSubtitlesDesign\": \"Оформление субтитров\",\n  \"VOTSubtitlesFontSize\": \"Размер шрифта субтитров\",\n  \"VOTSubtitlesOpacity\": \"Прозрачность фона субтитров\",\n  \"VOTSubtitlesDownloadFormat\": \"Формат для загрузки субтитров\",\n  \"VOTDownloadWithName\": \"Загружать файлы с названием видео\",\n  \"VOTUpdateLocaleFiles\": \"Обновить файлы локализации\",\n  \"VOTLocaleHash\": \"Хеш перевода\",\n  \"VOTUpdatedAt\": \"Обновлено в\",\n  \"VOTNeedWebAudioAPI\": \"Чтобы включить, у вас должен быть Web Audio API\",\n  \"VOTMediaCSPEnabledOnSite\": \"На этом сайте включен Media CSP\",\n  \"VOTOnlyBypassMediaCSP\": \"Использовать только для обхода Media CSP\",\n  \"VOTNewAudioPlayer\": \"Использовать новый аудиоплеер\",\n  \"VOTUseNewModel\": \"Использовать экспериментальный вариант голосов Yandex для некоторых видеороликов\",\n  \"TranslationDelayed\": \"Перевод немного задерживается\",\n  \"VOTTranslationCompletedNotify\": \"Перевод на {0} завершен!\",\n  \"VOTSendNotifyOnComplete\": \"Отправлять уведомление о том, что видео было переведено\",\n  \"VOTBugReport\": \"Сообщить об ошибке\",\n  \"VOTTranslateProxyDisabled\": \"Отключено\",\n  \"VOTTranslateProxyEnabled\": \"Включено\",\n  \"VOTTranslateProxyEverything\": \"Проксировать всё\",\n  \"VOTTranslateProxyStatus\": \"Режим проксирования\",\n  \"VOTTranslatedBy\": \"Переведено {0}\",\n  \"VOTStreamNotAvailable\": \"Трансляция перевода недоступна\",\n  \"VOTTranslationTextService\": \"Сервис перевода текста\",\n  \"VOTNotAffectToVoice\": \"Не влияет на перевод текста при озвучивании\",\n  \"DontTranslateSelectedLanguages\": \"Не переводите с выбранных языков\",\n  \"showVideoVolumeSlider\": \"Отображать ползунок громкости видео\",\n  \"hotkeysSettings\": \"Настройки горячих клавиш\",\n  \"None\": \"Нет\",\n  \"VOTUseLivelyVoice\": \"Использовать живые голоса. Будто все знают русский.\",\n  \"miscSettings\": \"Другие настройки\",\n  \"services\": {\n    \"yandexbrowser\": \"Яндекс Браузер\",\n    \"msedge\": \"Microsoft Edge\",\n    \"rust-server\": \"Сервер на Rust\"\n  },\n  \"aboutExtension\": \"О расширении\",\n  \"appearance\": \"Внешний вид\",\n  \"buttonPositionInWidePlayer\": \"Положение кнопки в широком плеере\",\n  \"position\": {\n    \"left\": \"Слева\",\n    \"right\": \"Справа\",\n    \"top\": \"Сверху\",\n    \"default\": \"По умолчанию\"\n  },\n  \"secs\": \"сек.\",\n  \"autoHideButtonDelay\": \"Задержка перед скрытием кнопки перевода\",\n  \"notFound\": \"не найдено\",\n  \"minButtonPositionContainer\": \"Положение кнопки меняется только на проигрывателях размером более 600 пикселей.\",\n  \"VOTTranslateProxyStatusDefault\": \"Полное отключение проксирования в вашей стране может привести к поломке расширения\",\n  \"PressTheKeyCombination\": \"Нажмите комбинацию клавиш...\",\n  \"VOTUseAudioDownload\": \"Использовать загрузку аудио\",\n  \"VOTUseAudioDownloadWarning\": \"Отключение загрузки аудио может нарушить работоспособность расширения\",\n  \"VOTAccountRequired\": \"Вам необходимо авторизоваться, чтобы использовать эту функцию\",\n  \"VOTMyAccount\": \"Мой аккаунт\",\n  \"VOTLogin\": \"Авторизоваться\",\n  \"VOTLogout\": \"Выйти\",\n  \"VOTRefresh\": \"Обновить\",\n  \"VOTYandexToken\": \"Введите OAuth-токен Яндекса\",\n  \"VOTYandexTokenInfo\": \"Вы можете вручную указать токен учетной записи в этом поле. Пожалуйста, обратите внимание, что мы не проверяем его действительность перед отправкой запроса на перевод\",\n  \"VOTLoginViaToken\": \"Войти с помощью токена\"\n}\n","locale-version":"n2","responseLanguage":"sru","locale-updated-at":"n1755940992","locale-hash":"s21d7399a32dbe8ab6125f6a10be6304f","localeUpdatedAt":"n1759029392","localePhrases":"s{\n  \"recommended\": \"рекомендуется\",\n  \"translateVideo\": \"Перевести видео\",\n  \"disableTranslate\": \"Отключить\",\n  \"translationSettings\": \"Настройки перевода\",\n  \"subtitlesSettings\": \"Настройки субтитров\",\n  \"resetSettings\": \"Сбросить настройки\",\n  \"videoBeingTranslated\": \"Видео переводится\",\n  \"videoLanguage\": \"Язык видео\",\n  \"translationLanguage\": \"Язык перевода\",\n  \"translationTake\": \"Перевод займёт\",\n  \"translationTakeMoreThanHour\": \"Перевод займёт больше часа\",\n  \"translationTakeAboutMinute\": \"Перевод займёт около минуты\",\n  \"translationTakeFewMinutes\": \"Перевод займёт несколько минут\",\n  \"translationTakeApproximatelyMinutes\": \"Перевод займёт примерно {0} минут\",\n  \"translationTakeApproximatelyMinute\": \"Перевод займёт примерно {0} минуты\",\n  \"requestTranslationFailed\": \"Не удалось запросить перевод видео\",\n  \"audioNotReceived\": \"Не получена ссылка на аудио\",\n  \"audioFormatNotSupported\": \"Формат аудио не поддерживается\",\n  \"VOTAutoTranslate\": \"Переводить при открытии\",\n  \"VOTDontTranslateYourLang\": \"Не переводить с родного языка\",\n  \"VOTVolume\": \"Громкость видео:\",\n  \"VOTVolumeTranslation\": \"Громкость перевода:\",\n  \"VOTAutoSetVolume\": \"Уменьшать громкость видео до\",\n  \"VOTShowVideoSlider\": \"Ползунок громкости видео\",\n  \"VOTSyncVolume\": \"Связать громкость перевода и видео\",\n  \"VOTDisableFromYourLang\": \"Вы отключили перевод видео на вашем языке\",\n  \"VOTVideoIsTooLong\": \"Видео слишком длинное\",\n  \"VOTNoVideoIDFound\": \"Не найден идентификатор (ID) видео\",\n  \"VOTSubtitles\": \"Субтитры\",\n  \"VOTSubtitlesDisabled\": \"Отключены\",\n  \"VOTSubtitlesMaxLength\": \"Максимальная длина субтитров\",\n  \"VOTHighlightWords\": \"Подсвечивать слова\",\n  \"VOTTranslatedFrom\": \"переведено с\",\n  \"VOTAutogenerated\": \"создано автоматически\",\n  \"VOTSettings\": \"Настройки VOT\",\n  \"VOTMenuLanguage\": \"Язык меню\",\n  \"VOTAuthors\": \"Авторы\",\n  \"VOTVersion\": \"Версия\",\n  \"VOTLoader\": \"Загрузчик\",\n  \"VOTBrowser\": \"Браузер\",\n  \"VOTShowPiPButton\": \"Показывать кнопку «Картинка в картинке»\",\n  \"langs\": {\n    \"auto\": \"Авто\",\n    \"az\": \"Азербайджанский\",\n    \"ay\": \"Аймара\",\n    \"ak\": \"Акан\",\n    \"sq\": \"Албанский\",\n    \"am\": \"Амхарский\",\n    \"en\": \"Английский\",\n    \"ar\": \"Арабский\",\n    \"hy\": \"Армянский\",\n    \"as\": \"Ассамский\",\n    \"af\": \"Африкаанс\",\n    \"eu\": \"Баскский\",\n    \"be\": \"Белорусский\",\n    \"bn\": \"Бенгальский\",\n    \"my\": \"Бирманский\",\n    \"bg\": \"Болгарский\",\n    \"bs\": \"Боснийский\",\n    \"bho\": \"Бходжпури\",\n    \"cy\": \"Валлийский\",\n    \"hu\": \"Венгерский\",\n    \"vi\": \"Вьетнамский\",\n    \"haw\": \"Гавайский\",\n    \"ht\": \"Гаитянский\",\n    \"gl\": \"Галисийский\",\n    \"lg\": \"Ганда\",\n    \"el\": \"Греческий\",\n    \"ka\": \"Грузинский\",\n    \"gn\": \"Гуарани\",\n    \"gu\": \"Гуджарати\",\n    \"gd\": \"Гэльский\",\n    \"da\": \"Датский\",\n    \"fy\": \"Западнофризский\",\n    \"zu\": \"Зулу\",\n    \"iw\": \"Иврит\",\n    \"ig\": \"Игбо\",\n    \"yi\": \"Идиш\",\n    \"id\": \"Индонезийский\",\n    \"ga\": \"Ирландский\",\n    \"is\": \"Исландский\",\n    \"es\": \"Испанский\",\n    \"it\": \"Итальянский\",\n    \"yo\": \"Йоруба\",\n    \"kk\": \"Казахский\",\n    \"kn\": \"Каннада\",\n    \"ca\": \"Каталанский\",\n    \"qu\": \"Кечуа\",\n    \"rw\": \"Киньяруанда\",\n    \"ky\": \"Киргизский\",\n    \"zh\": \"Китайский\",\n    \"zh-Hant\": \"Китайский (традиционный)\",\n    \"zh-Hans\": \"Китайский (упрощённый)\",\n    \"ko\": \"Корейский\",\n    \"co\": \"Корсиканский\",\n    \"xh\": \"Коса\",\n    \"ku\": \"Курдский\",\n    \"km\": \"Кхмерский\",\n    \"lo\": \"Лаосский\",\n    \"la\": \"Латинский\",\n    \"lv\": \"Латышский\",\n    \"ln\": \"Лингала\",\n    \"lt\": \"Литовский\",\n    \"lb\": \"Люксембургский\",\n    \"mk\": \"Македонский\",\n    \"mg\": \"Малагасийский\",\n    \"ms\": \"Малайский\",\n    \"ml\": \"Малаялам\",\n    \"dv\": \"Мальдивский\",\n    \"mt\": \"Мальтийский\",\n    \"mi\": \"Маори\",\n    \"mr\": \"Маратхи\",\n    \"mn\": \"Монгольский\",\n    \"de\": \"Немецкий\",\n    \"ne\": \"Непальский\",\n    \"nl\": \"Нидерландский\",\n    \"no\": \"Норвежский\",\n    \"ny\": \"Ньянджа\",\n    \"or\": \"Ория\",\n    \"om\": \"Оромо\",\n    \"pa\": \"Панджаби\",\n    \"fa\": \"Персидский\",\n    \"pl\": \"Польский\",\n    \"pt\": \"Португальский\",\n    \"ps\": \"Пушту\",\n    \"ro\": \"Румынский\",\n    \"ru\": \"Русский\",\n    \"sm\": \"Самоанский\",\n    \"sa\": \"Санскрит\",\n    \"ceb\": \"Себуано\",\n    \"nso\": \"Северный Сото\",\n    \"sr\": \"Сербский\",\n    \"si\": \"Сингальский\",\n    \"sd\": \"Синдхи\",\n    \"sk\": \"Словацкий\",\n    \"sl\": \"Словенский\",\n    \"so\": \"Сомали\",\n    \"sw\": \"Суахили\",\n    \"su\": \"Сунданский\",\n    \"tg\": \"Таджикский\",\n    \"th\": \"Тайский\",\n    \"ta\": \"Тамильский\",\n    \"tt\": \"Татарский\",\n    \"te\": \"Телугу\",\n    \"ti\": \"Тигринья\",\n    \"ts\": \"Тсонга\",\n    \"tr\": \"Турецкий\",\n    \"tk\": \"Туркменский\",\n    \"uz\": \"Узбекский\",\n    \"ug\": \"Уйгурский\",\n    \"uk\": \"Украинский\",\n    \"ur\": \"Урду\",\n    \"fil\": \"Филиппинский\",\n    \"fi\": \"Финский\",\n    \"fr\": \"Французский\",\n    \"ha\": \"Хауса\",\n    \"hi\": \"Хинди\",\n    \"hmn\": \"Хмонг\",\n    \"hr\": \"Хорватский\",\n    \"cs\": \"Чешский\",\n    \"sv\": \"Шведский\",\n    \"sn\": \"Шона\",\n    \"ee\": \"Эве\",\n    \"eo\": \"Эсперанто\",\n    \"et\": \"Эстонский\",\n    \"st\": \"Южный Сото\",\n    \"jv\": \"Яванский\",\n    \"ja\": \"Японский\",\n    \"kri\": \"Кри\"\n  },\n  \"streamNoConnectionToServer\": \"Нет подключения к серверу\",\n  \"searchField\": \"Поиск...\",\n  \"VOTTranslateAPIErrors\": \"Переводить ошибки из API\",\n  \"VOTDetectService\": \"Сервис определения языка\",\n  \"VOTProxyWorkerHost\": \"Введите адрес worker прокси-сервера\",\n  \"VOTM3u8ProxyHost\": \"Введите адрес m3u8 прокси-сервера\",\n  \"proxySettings\": \"Настройки прокси-сервера\",\n  \"translationTakeApproximatelyMinute2\": \"Перевод займёт примерно {0} минуту\",\n  \"VOTAudioBooster\": \"Расширенное увеличение громкости перевода\",\n  \"VOTSubtitlesDesign\": \"Оформление субтитров\",\n  \"VOTSubtitlesFontSize\": \"Размер шрифта субтитров\",\n  \"VOTSubtitlesOpacity\": \"Прозрачность фона субтитров\",\n  \"VOTSubtitlesDownloadFormat\": \"Формат для загрузки субтитров\",\n  \"VOTDownloadWithName\": \"Загружать файлы с названием видео\",\n  \"VOTUpdateLocaleFiles\": \"Обновить файлы локализации\",\n  \"VOTLocaleHash\": \"Хеш перевода\",\n  \"VOTUpdatedAt\": \"Обновлено в\",\n  \"VOTNeedWebAudioAPI\": \"Чтобы включить, у вас должен быть Web Audio API\",\n  \"VOTMediaCSPEnabledOnSite\": \"На этом сайте включен Media CSP\",\n  \"VOTOnlyBypassMediaCSP\": \"Использовать только для обхода Media CSP\",\n  \"VOTNewAudioPlayer\": \"Использовать новый аудиоплеер\",\n  \"VOTUseNewModel\": \"Использовать экспериментальный вариант голосов Yandex для некоторых видеороликов\",\n  \"TranslationDelayed\": \"Перевод немного задерживается\",\n  \"VOTTranslationCompletedNotify\": \"Перевод на {0} завершен!\",\n  \"VOTSendNotifyOnComplete\": \"Отправлять уведомление о том, что видео было переведено\",\n  \"VOTBugReport\": \"Сообщить об ошибке\",\n  \"VOTTranslateProxyDisabled\": \"Отключено\",\n  \"VOTTranslateProxyEnabled\": \"Включено\",\n  \"VOTTranslateProxyEverything\": \"Проксировать всё\",\n  \"VOTTranslateProxyStatus\": \"Режим проксирования\",\n  \"VOTTranslatedBy\": \"Переведено {0}\",\n  \"VOTStreamNotAvailable\": \"Трансляция перевода недоступна\",\n  \"VOTTranslationTextService\": \"Сервис перевода текста\",\n  \"VOTNotAffectToVoice\": \"Не влияет на перевод текста при озвучивании\",\n  \"DontTranslateSelectedLanguages\": \"Не переводите с выбранных языков\",\n  \"showVideoVolumeSlider\": \"Отображать ползунок громкости видео\",\n  \"hotkeysSettings\": \"Настройки горячих клавиш\",\n  \"None\": \"Нет\",\n  \"VOTUseLivelyVoice\": \"Использовать живые голоса. Будто все знают русский.\",\n  \"miscSettings\": \"Другие настройки\",\n  \"services\": {\n    \"yandexbrowser\": \"Яндекс Браузер\",\n    \"msedge\": \"Microsoft Edge\",\n    \"rust-server\": \"Сервер на Rust\"\n  },\n  \"aboutExtension\": \"О расширении\",\n  \"appearance\": \"Внешний вид\",\n  \"buttonPositionInWidePlayer\": \"Положение кнопки в широком плеере\",\n  \"position\": {\n    \"left\": \"Слева\",\n    \"right\": \"Справа\",\n    \"top\": \"Сверху\",\n    \"default\": \"По умолчанию\"\n  },\n  \"secs\": \"сек.\",\n  \"autoHideButtonDelay\": \"Задержка перед скрытием кнопки перевода\",\n  \"notFound\": \"не найдено\",\n  \"minButtonPositionContainer\": \"Положение кнопки меняется только на проигрывателях размером более 600 пикселей.\",\n  \"VOTTranslateProxyStatusDefault\": \"Полное отключение проксирования в вашей стране может привести к поломке расширения\",\n  \"PressTheKeyCombination\": \"Нажмите комбинацию клавиш...\",\n  \"VOTUseAudioDownload\": \"Использовать загрузку аудио\",\n  \"VOTUseAudioDownloadWarning\": \"Отключение загрузки аудио может нарушить работоспособность расширения\",\n  \"VOTAccountRequired\": \"Вам необходимо авторизоваться, чтобы использовать эту функцию\",\n  \"VOTMyAccount\": \"Мой аккаунт\",\n  \"VOTLogin\": \"Авторизоваться\",\n  \"VOTLogout\": \"Выйти\",\n  \"VOTRefresh\": \"Обновить\",\n  \"VOTYandexToken\": \"Введите OAuth-токен Яндекса\",\n  \"VOTYandexTokenInfo\": \"Вы можете вручную указать токен учетной записи в этом поле. Пожалуйста, обратите внимание, что мы не проверяем его действительность перед отправкой запроса на перевод\",\n  \"VOTLoginViaToken\": \"Войти с помощью токена\"\n}\n","localeHash":"s21d7399a32dbe8ab6125f6a10be6304f","localeLang":"sru","compatVersion":"s2025-05-09"}}