{"options":{"check_for_updates":true,"user_modified":null,"comment":null,"compatopts_for_requires":true,"compat_wrappedjsobject":false,"compat_metadata":false,"compat_foreach":false,"compat_powerful_this":null,"sandbox":null,"noframes":null,"unwrap":null,"run_at":null,"run_in":null,"tags":[],"override":{"use_includes":[],"orig_includes":[],"merge_includes":true,"use_matches":[],"orig_matches":["*://*.youtube.com/*","*://*.youtube-nocookie.com/*","*://*.youtubekids.com/*","*://*.twitch.tv/*","*://*.xvideos.com/*","*://*.xvideos-ar.com/*","*://*.xvideos005.com/*","*://*.xv-ru.com/*","*://*.pornhub.com/*","*://*.pornhub.org/*","*://*.vk.com/*","*://*.vkvideo.ru/*","*://*.vk.ru/*","*://*.vimeo.com/*","*://*.imdb.com/*","*://*.9gag.com/*","*://*.twitter.com/*","*://*.x.com/*","*://*.facebook.com/*","*://*.rutube.ru/*","*://*.bilibili.com/*","*://my.mail.ru/*","*://*.bitchute.com/*","*://*.coursera.org/*","*://*.udemy.com/course/*","*://*.tiktok.com/*","*://*.douyin.com/*","*://rumble.com/*","*://*.eporner.com/*","*://*.dailymotion.com/*","*://*.ok.ru/*","*://trovo.live/*","*://disk.yandex.ru/*","*://disk.yandex.kz/*","*://disk.yandex.com/*","*://disk.yandex.com.am/*","*://disk.yandex.com.ge/*","*://disk.yandex.com.tr/*","*://disk.yandex.by/*","*://disk.yandex.az/*","*://disk.yandex.co.il/*","*://disk.yandex.ee/*","*://disk.yandex.lt/*","*://disk.yandex.lv/*","*://disk.yandex.md/*","*://disk.yandex.net/*","*://disk.yandex.tj/*","*://disk.yandex.tm/*","*://disk.yandex.uz/*","*://youtube.googleapis.com/embed/*","*://*.banned.video/*","*://*.madmaxworld.tv/*","*://*.weverse.io/*","*://*.newgrounds.com/*","*://*.egghead.io/*","*://*.youku.com/*","*://*.archive.org/*","*://*.patreon.com/*","*://*.reddit.com/*","*://*.kodik.info/*","*://*.kodik.biz/*","*://*.kodik.cc/*","*://*.kick.com/*","*://developer.apple.com/*","*://dev.epicgames.com/*","*://*.rapid-cloud.co/*","*://odysee.com/*","*://learning.sap.com/*","*://*.watchporn.to/*","*://*.linkedin.com/*","*://*.incestflix.net/*","*://*.incestflix.to/*","*://*.porntn.com/*","*://*.dzen.ru/*","*://*.cloudflarestream.com/*","*://*.loom.com/*","*://*.artstation.com/learning/*","*://*.rt.com/*","*://*.bitview.net/*","*://*.kickstarter.com/*","*://*.thisvid.com/*","*://*.ign.com/*","*://*.bunkr.site/*","*://*.bunkr.black/*","*://*.bunkr.cat/*","*://*.bunkr.media/*","*://*.bunkr.red/*","*://*.bunkr.ws/*","*://*.bunkr.org/*","*://*.bunkr.sk/*","*://*.bunkr.si/*","*://*.bunkr.su/*","*://*.bunkr.ci/*","*://*.bunkr.cr/*","*://*.bunkr.fi/*","*://*.bunkr.ph/*","*://*.bunkr.pk/*","*://*.bunkr.ps/*","*://*.bunkr.ru/*","*://*.bunkr.la/*","*://*.bunkr.is/*","*://*.bunkr.to/*","*://*.bunkr.ac/*","*://*.bunkr.ax/*","*://web.telegram.org/k/*","*://t2mc.toil.cc/*","*://mylearn.oracle.com/*","*://learn.deeplearning.ai/*","*://learn-staging.deeplearning.ai/*","*://learn-dev.deeplearning.ai/*","*://*.netacad.com/content/i2cs/*","*://*/*.mp4*","*://*/*.webm*","*://*.yewtu.be/*","*://yt.artemislena.eu/*","*://invidious.flokinet.to/*","*://iv.melmac.space/*","*://inv.nadeko.net/*","*://inv.tux.pizza/*","*://invidious.private.coffee/*","*://yt.drgnz.club/*","*://vid.puffyan.us/*","*://invidious.dhusch.de/*","*://*.piped.video/*","*://piped.tokhmi.xyz/*","*://piped.moomoo.me/*","*://piped.syncpundit.io/*","*://piped.mha.fi/*","*://watch.whatever.social/*","*://piped.garudalinux.org/*","*://efy.piped.pages.dev/*","*://watch.leptons.xyz/*","*://piped.lunar.icu/*","*://yt.dc09.ru/*","*://piped.mint.lgbt/*","*://*.il.ax/*","*://piped.privacy.com.de/*","*://piped.esmailelbob.xyz/*","*://piped.projectsegfau.lt/*","*://piped.in.projectsegfau.lt/*","*://piped.us.projectsegfau.lt/*","*://piped.privacydev.net/*","*://piped.palveluntarjoaja.eu/*","*://piped.smnz.de/*","*://piped.adminforge.de/*","*://piped.qdi.fi/*","*://piped.hostux.net/*","*://piped.chauvet.pro/*","*://piped.jotoma.de/*","*://piped.pfcd.me/*","*://piped.frontendfriendly.xyz/*","*://proxitok.pabloferreiro.es/*","*://proxitok.pussthecat.org/*","*://tok.habedieeh.re/*","*://proxitok.esmailelbob.xyz/*","*://proxitok.privacydev.net/*","*://tok.artemislena.eu/*","*://tok.adminforge.de/*","*://tt.vern.cc/*","*://cringe.whatever.social/*","*://proxitok.lunar.icu/*","*://proxitok.privacy.com.de/*","*://peertube.1312.media/*","*://tube.shanti.cafe/*","*://*.bee-tube.fr/*","*://video.sadmin.io/*","*://*.dalek.zone/*","*://review.peertube.biz/*","*://*.peervideo.club/*","*://tube.la-dina.net/*","*://peertube.tmp.rcp.tf/*","*://*.peertube.su/*","*://video.blender.org/*","*://videos.viorsan.com/*","*://tube-sciences-technologies.apps.education.fr/*","*://tube-numerique-educatif.apps.education.fr/*","*://tube-arts-lettres-sciences-humaines.apps.education.fr/*","*://*.beetoons.tv/*","*://comics.peertube.biz/*","*://*.makertube.net/*","*://*.poketube.fun/*","*://pt.sudovanilla.org/*","*://poke.ggtyler.dev/*","*://poke.uk2.littlekai.co.uk/*","*://poke.blahai.gay/*","*://*.ricktube.ru/*","*://*.coursehunter.net/*","*://*.coursetrain.net/*"],"merge_matches":true,"use_excludes":[],"orig_excludes":["file://*/*.mp4*","file://*/*.webm*","*://accounts.youtube.com/*"],"merge_excludes":true,"use_connects":[],"orig_connects":["yandex.ru","disk.yandex.kz","disk.yandex.com","disk.yandex.com.am","disk.yandex.com.ge","disk.yandex.com.tr","disk.yandex.by","disk.yandex.az","disk.yandex.co.il","disk.yandex.ee","disk.yandex.lt","disk.yandex.lv","disk.yandex.md","disk.yandex.net","disk.yandex.tj","disk.yandex.tm","disk.yandex.uz","yandex.net","timeweb.cloud","raw.githubusercontent.com","vimeo.com","toil.cc","deno.dev","onrender.com","workers.dev","speed.cloudflare.com","porntn.com","googlevideo.com"],"merge_connects":true,"use_blockers":[],"orig_run_at":"document-idle","orig_run_in":[],"orig_noframes":null,"orig_tags":[]}},"settings":{"enabled":true,"position":1},"meta":{"name":"[VOT] - Voice Over Translation","uuid":"dfa04394-8f47-4e19-9ff0-17226ad8dc69","modified":1755944584776,"file_url":"https://raw.githubusercontent.com/ilyhalight/voice-over-translation/master/dist/vot.user.js"}}