{"options":{"check_for_updates":true,"user_modified":null,"comment":null,"compatopts_for_requires":true,"compat_wrappedjsobject":false,"compat_metadata":false,"compat_foreach":false,"compat_powerful_this":null,"sandbox":null,"noframes":null,"unwrap":null,"run_at":null,"run_in":null,"tags":[],"override":{"use_includes":[],"orig_includes":[],"merge_includes":true,"use_matches":[],"orig_matches":["https://www.youtube.com/*","https://m.youtube.com/*","https://music.youtube.com/*"],"merge_matches":true,"use_excludes":[],"orig_excludes":["https://studio.youtube.com/*"],"merge_excludes":true,"use_connects":[],"orig_connects":[],"merge_connects":true,"use_blockers":[],"orig_run_at":"document-idle","orig_run_in":[],"orig_noframes":true,"orig_tags":[]}},"settings":{"enabled":false,"position":3},"meta":{"name":"Auto Skip YouTube Ads","uuid":"4a648450-6468-4c06-8453-10e3a4611ad9","modified":1758125749190,"file_url":"https://update.greasyfork.org/scripts/498197/Auto%20Skip%20YouTube%20Ads.user.js"}}