{"options":{"check_for_updates":true,"user_modified":null,"comment":null,"compatopts_for_requires":true,"compat_wrappedjsobject":false,"compat_metadata":false,"compat_foreach":false,"compat_powerful_this":null,"sandbox":null,"noframes":null,"unwrap":null,"run_at":null,"run_in":null,"tags":[],"override":{"use_includes":[],"orig_includes":[],"merge_includes":true,"use_matches":[],"orig_matches":["*://*/*"],"merge_matches":true,"use_excludes":[],"orig_excludes":[],"merge_excludes":true,"use_connects":[],"orig_connects":[],"merge_connects":true,"use_blockers":[],"orig_run_at":"document-idle","orig_run_in":[],"orig_noframes":null,"orig_tags":[]}},"settings":{"enabled":false,"position":10},"meta":{"name":"Enable Right Click and Copy Link/Button Text on Drag","uuid":"04e4100f-bc50-4c89-a17c-766845c3a813","modified":1756027952943,"file_url":"https://update.greasyfork.org/scripts/497612/Enable%20Right%20Click%20and%20Copy%20LinkButton%20Text%20on%20Drag.user.js"}}