{"options":{"check_for_updates":true,"user_modified":null,"comment":null,"compatopts_for_requires":true,"compat_wrappedjsobject":false,"compat_metadata":false,"compat_foreach":false,"compat_powerful_this":null,"sandbox":null,"noframes":null,"unwrap":null,"run_at":null,"run_in":null,"tags":[],"override":{"use_includes":[],"orig_includes":[],"merge_includes":true,"use_matches":[],"orig_matches":["*://*/*"],"merge_matches":true,"use_excludes":[],"orig_excludes":["http://www.toodledo.com/tasks/*","http*://maps.google.com*/*","*://www.google.*/_/chrome/newtab*","*://mega.*/*","*://*.mega.*/*","*://onedrive.live.com/*"],"merge_excludes":true,"use_connects":[],"orig_connects":["www.google.com","www.google.com.hk","www.google.co.jp","ipv4.google.com","image.baidu.com","www.tineye.com","hoothin.com","*"],"merge_connects":true,"use_blockers":[],"orig_run_at":"document-end","orig_run_in":[],"orig_noframes":null,"orig_tags":[]}},"settings":{"enabled":false,"position":9},"meta":{"name":"Picviewer CE+","uuid":"d966cee8-b943-4c77-a5dd-3041f3b1ca58","modified":1758060363515,"file_url":"https://update.greasyfork.org/scripts/24204/Picviewer%20CE%2B.user.js"}}