{"options":{"check_for_updates":true,"user_modified":null,"comment":null,"compatopts_for_requires":true,"compat_wrappedjsobject":false,"compat_metadata":false,"compat_foreach":false,"compat_powerful_this":null,"sandbox":null,"noframes":null,"unwrap":null,"run_at":null,"run_in":null,"tags":[],"override":{"use_includes":[],"orig_includes":[],"merge_includes":true,"use_matches":[],"orig_matches":["https://www.youtube.com/*"],"merge_matches":true,"use_excludes":[],"orig_excludes":["/^https?://\\w+\\.youtube\\.com\\/live_chat.*$/","/^https?://\\S+\\.(txt|png|jpg|jpeg|gif|xml|svg|manifest|log|ini)[^\\/]*$/"],"merge_excludes":true,"use_connects":[],"orig_connects":[],"merge_connects":true,"use_blockers":[],"orig_run_at":"document-start","orig_run_in":[],"orig_noframes":true,"orig_tags":[]}},"settings":{"enabled":true,"position":4},"meta":{"name":"Tabview YouTube Totara","uuid":"a56f1a8b-1221-4a1b-81fb-546b642782a9","modified":1758014586568,"file_url":"https://update.greasyfork.org/scripts/501249/Tabview%20YouTube%20Totara.user.js"}}