{"options":{"check_for_updates":true,"user_modified":null,"comment":null,"compatopts_for_requires":true,"compat_wrappedjsobject":false,"compat_metadata":false,"compat_foreach":false,"compat_powerful_this":null,"sandbox":null,"noframes":null,"unwrap":null,"run_at":null,"run_in":null,"tags":[],"override":{"use_includes":[],"orig_includes":[],"merge_includes":true,"use_matches":[],"orig_matches":["*.youtube.com/*"],"merge_matches":true,"use_excludes":[],"orig_excludes":[],"merge_excludes":true,"use_connects":[],"orig_connects":[],"merge_connects":true,"use_blockers":[],"orig_run_at":"document-body","orig_run_in":[],"orig_noframes":null}},"settings":{"enabled":true,"position":5},"meta":{"name":"YouTube speed rememberer","uuid":"fa903b9e-8d6f-408f-bcf7-5e2fd57a0512","modified":1698921295834,"file_url":"https://greasyfork.org/scripts/27091-youtube-speed-rememberer/code/YouTube%20speed%20rememberer.user.js"}}